[
  {
    "id": "/subscriptions/31c3e73a-4e57-40ff-b219-0bce66b121ad/resourceGroups/QnABotHealthCovid/providers/Microsoft.Resources/deployments/Microsoft.CognitiveServicesQnAMaker/operations/A0B45E6A72EBC31B",
    "operationId": "A0B45E6A72EBC31B",
    "properties": {
      "provisioningOperation": "Create",
      "provisioningState": "Succeeded",
      "timestamp": "2022-01-16T16:19:36.275721Z",
      "duration": "PT8.3113462S",
      "trackingId": "644f37f2-04ab-4a90-b56e-6da107bfdec5",
      "serviceRequestId": "2426065b-b988-4327-a277-89e19af15bcb",
      "statusCode": "Created",
      "targetResource": {
        "id": "/subscriptions/31c3e73a-4e57-40ff-b219-0bce66b121ad/resourceGroups/QnABotHealthCovid/providers/Microsoft.CognitiveServices/accounts/QnABotHealthCovid",
        "resourceType": "Microsoft.CognitiveServices/accounts",
        "resourceName": "QnABotHealthCovid"
      }
    }
  },
  {
    "id": "/subscriptions/31c3e73a-4e57-40ff-b219-0bce66b121ad/resourceGroups/QnABotHealthCovid/providers/Microsoft.Resources/deployments/Microsoft.CognitiveServicesQnAMaker/operations/8EA6957FAD865EC7",
    "operationId": "8EA6957FAD865EC7",
    "properties": {
      "provisioningOperation": "Create",
      "provisioningState": "Succeeded",
      "timestamp": "2022-01-16T16:19:01.1909244Z",
      "duration": "PT12.5489711S",
      "trackingId": "a453b0b6-4896-47b2-9364-a705a73cfa94",
      "serviceRequestId": "91c53f61-142f-4215-a0f0-7ee300212dd3",
      "statusCode": "OK",
      "targetResource": {
        "id": "/subscriptions/31c3e73a-4e57-40ff-b219-0bce66b121ad/resourceGroups/QnABotHealthCovid/providers/Microsoft.Web/sites/QnASmartBotHealth/config/appsettings",
        "resourceType": "Microsoft.Web/sites/config",
        "resourceName": "QnASmartBotHealth/appsettings"
      }
    }
  },
  {
    "id": "/subscriptions/31c3e73a-4e57-40ff-b219-0bce66b121ad/resourceGroups/QnABotHealthCovid/providers/Microsoft.Resources/deployments/Microsoft.CognitiveServicesQnAMaker/operations/D1DABA75F0D5E146",
    "operationId": "D1DABA75F0D5E146",
    "properties": {
      "provisioningOperation": "Create",
      "provisioningState": "Succeeded",
      "timestamp": "2022-01-16T16:18:48.6125654Z",
      "duration": "PT35.125266S",
      "trackingId": "e0581c96-783f-4be4-a118-c0aabc47595e",
      "serviceRequestId": "e3832f3c-8bb2-4ace-a856-adb9ce202e47",
      "statusCode": "OK",
      "targetResource": {
        "id": "/subscriptions/31c3e73a-4e57-40ff-b219-0bce66b121ad/resourceGroups/QnABotHealthCovid/providers/Microsoft.Web/sites/QnASmartBotHealth",
        "resourceType": "Microsoft.Web/sites",
        "resourceName": "QnASmartBotHealth"
      }
    }
  },
  {
    "id": "/subscriptions/31c3e73a-4e57-40ff-b219-0bce66b121ad/resourceGroups/QnABotHealthCovid/providers/Microsoft.Resources/deployments/Microsoft.CognitiveServicesQnAMaker/operations/22D84F0197B1380B",
    "operationId": "22D84F0197B1380B",
    "properties": {
      "provisioningOperation": "Create",
      "provisioningState": "Succeeded",
      "timestamp": "2022-01-16T16:18:25.6749485Z",
      "duration": "PT12.1876491S",
      "trackingId": "4f9b9b09-a660-4d81-b897-6576d908a6df",
      "serviceRequestId": "262150c0-2b81-4879-8277-87fe0ca70632",
      "statusCode": "OK",
      "targetResource": {
        "id": "/subscriptions/31c3e73a-4e57-40ff-b219-0bce66b121ad/resourceGroups/QnABotHealthCovid/providers/Microsoft.Web/serverfarms/QnABotHealthCovid",
        "resourceType": "Microsoft.Web/serverfarms",
        "resourceName": "QnABotHealthCovid"
      }
    }
  },
  {
    "id": "/subscriptions/31c3e73a-4e57-40ff-b219-0bce66b121ad/resourceGroups/QnABotHealthCovid/providers/Microsoft.Resources/deployments/Microsoft.CognitiveServicesQnAMaker/operations/900FB6824395EF75",
    "operationId": "900FB6824395EF75",
    "properties": {
      "provisioningOperation": "Action",
      "provisioningState": "Succeeded",
      "timestamp": "2022-01-16T16:18:24.0906913Z",
      "duration": "PT0.4870394S",
      "trackingId": "61aa0814-74cf-4a0c-8bf3-c4f855e6195a",
      "serviceRequestId": "db0286dd-ec55-401b-93e1-79eaee01782f",
      "statusCode": "OK",
      "targetResource": {
        "id": "/subscriptions/31c3e73a-4e57-40ff-b219-0bce66b121ad/resourceGroups/QnABotHealthCovid/providers/Microsoft.Search/searchServices/qnasmartbothealth-asp2vop6sb5cxho",
        "resourceType": "Microsoft.Search/searchServices",
        "resourceName": "qnasmartbothealth-asp2vop6sb5cxho",
        "actionName": "listAdminKeys",
        "apiVersion": "2015-08-19"
      }
    }
  },
  {
    "id": "/subscriptions/31c3e73a-4e57-40ff-b219-0bce66b121ad/resourceGroups/QnABotHealthCovid/providers/Microsoft.Resources/deployments/Microsoft.CognitiveServicesQnAMaker/operations/6D0032B1DF6A61C1",
    "operationId": "6D0032B1DF6A61C1",
    "properties": {
      "provisioningOperation": "Create",
      "provisioningState": "Succeeded",
      "timestamp": "2022-01-16T16:18:23.5749846Z",
      "duration": "PT10.0876852S",
      "trackingId": "585ad977-db82-4d26-9312-7f2b60bae3d4",
      "serviceRequestId": "7136ff10-917d-4bb0-aeb1-a2eb6b24e97f",
      "statusCode": "Created",
      "targetResource": {
        "id": "/subscriptions/31c3e73a-4e57-40ff-b219-0bce66b121ad/resourceGroups/QnABotHealthCovid/providers/Microsoft.Search/searchServices/qnasmartbothealth-asp2vop6sb5cxho",
        "resourceType": "Microsoft.Search/searchServices",
        "resourceName": "qnasmartbothealth-asp2vop6sb5cxho"
      }
    }
  },
  {
    "id": "/subscriptions/31c3e73a-4e57-40ff-b219-0bce66b121ad/resourceGroups/QnABotHealthCovid/providers/Microsoft.Resources/deployments/Microsoft.CognitiveServicesQnAMaker/operations/08585592569966710647",
    "operationId": "08585592569966710647",
    "properties": {
      "provisioningOperation": "EvaluateDeploymentOutput",
      "provisioningState": "Succeeded",
      "timestamp": "2022-01-16T16:19:37.3093949Z",
      "duration": "PT0.752172S",
      "trackingId": "88a931fa-c020-416c-8ec1-5eb93d137e3d",
      "statusCode": "OK"
    }
  }
]