{
  "id": "/subscriptions/31c3e73a-4e57-40ff-b219-0bce66b121ad/resourceGroups/QnABotHealthCovid/providers/Microsoft.Resources/deployments/Microsoft.CognitiveServicesQnAMaker",
  "name": "Microsoft.CognitiveServicesQnAMaker",
  "type": "Microsoft.Resources/deployments",
  "tags": {
    "primaryResourceId": "/subscriptions/31c3e73a-4e57-40ff-b219-0bce66b121ad/resourcegroups/QnABotHealthCovid/providers/Microsoft.CognitiveServices/accounts/QnABotHealthCovid",
    "marketplaceItemId": "Microsoft.CognitiveServicesQnAMaker"
  },
  "properties": {
    "templateHash": "13467402458086611553",
    "parameters": {
      "name": {
        "type": "String",
        "value": "QnABotHealthCovid"
      },
      "appName": {
        "type": "String",
        "value": "QnASmartBotHealth"
      },
      "sku": {
        "type": "String",
        "value": "F0"
      },
      "location": {
        "type": "String",
        "value": "westus"
      },
      "location3": {
        "type": "String",
        "value": "eastus"
      },
      "azureSearchLocation": {
        "type": "String",
        "value": "eastus"
      },
      "azureSearchSku": {
        "type": "String",
        "value": "free"
      },
      "searchHostingMode": {
        "type": "String",
        "value": "Default"
      }
    },
    "mode": "Incremental",
    "debugSetting": {
      "detailLevel": "None"
    },
    "provisioningState": "Succeeded",
    "timestamp": "2022-01-16T16:19:37.5137511Z",
    "duration": "PT1M26.1482266S",
    "correlationId": "d77daf61-ae96-4637-9708-e22f7c6572b9",
    "providers": [
      {
        "namespace": "Microsoft.CognitiveServices",
        "resourceTypes": [
          {
            "resourceType": "accounts",
            "locations": [
              "westus"
            ]
          }
        ]
      },
      {
        "namespace": "Microsoft.Search",
        "resourceTypes": [
          {
            "resourceType": "searchServices",
            "locations": [
              "eastus"
            ]
          }
        ]
      },
      {
        "namespace": "Microsoft.Web",
        "resourceTypes": [
          {
            "resourceType": "sites",
            "locations": [
              "eastus"
            ]
          },
          {
            "resourceType": "sites/config",
            "locations": [
              null
            ]
          },
          {
            "resourceType": "serverfarms",
            "locations": [
              "eastus"
            ]
          }
        ]
      }
    ],
    "dependencies": [
      {
        "dependsOn": [
          {
            "id": "/subscriptions/31c3e73a-4e57-40ff-b219-0bce66b121ad/resourceGroups/QnABotHealthCovid/providers/Microsoft.Web/Sites/QnASmartBotHealth",
            "resourceType": "Microsoft.Web/Sites",
            "resourceName": "QnASmartBotHealth"
          },
          {
            "id": "/subscriptions/31c3e73a-4e57-40ff-b219-0bce66b121ad/resourceGroups/QnABotHealthCovid/providers/Microsoft.Search/searchServices/qnasmartbothealth-asp2vop6sb5cxho",
            "resourceType": "Microsoft.Search/searchServices",
            "resourceName": "qnasmartbothealth-asp2vop6sb5cxho"
          }
        ],
        "id": "/subscriptions/31c3e73a-4e57-40ff-b219-0bce66b121ad/resourceGroups/QnABotHealthCovid/providers/Microsoft.CognitiveServices/accounts/QnABotHealthCovid",
        "resourceType": "Microsoft.CognitiveServices/accounts",
        "resourceName": "QnABotHealthCovid"
      },
      {
        "dependsOn": [
          {
            "id": "/subscriptions/31c3e73a-4e57-40ff-b219-0bce66b121ad/resourceGroups/QnABotHealthCovid/providers/Microsoft.Web/serverfarms/QnABotHealthCovid",
            "resourceType": "Microsoft.Web/serverfarms",
            "resourceName": "QnABotHealthCovid"
          }
        ],
        "id": "/subscriptions/31c3e73a-4e57-40ff-b219-0bce66b121ad/resourceGroups/QnABotHealthCovid/providers/Microsoft.Web/sites/QnASmartBotHealth",
        "resourceType": "Microsoft.Web/sites",
        "resourceName": "QnASmartBotHealth"
      },
      {
        "dependsOn": [
          {
            "id": "/subscriptions/31c3e73a-4e57-40ff-b219-0bce66b121ad/resourceGroups/QnABotHealthCovid/providers/Microsoft.Web/Sites/QnASmartBotHealth",
            "resourceType": "Microsoft.Web/Sites",
            "resourceName": "QnASmartBotHealth"
          },
          {
            "id": "/subscriptions/31c3e73a-4e57-40ff-b219-0bce66b121ad/resourceGroups/QnABotHealthCovid/providers/Microsoft.Search/searchServices/qnasmartbothealth-asp2vop6sb5cxho",
            "resourceType": "Microsoft.Search/searchServices",
            "resourceName": "qnasmartbothealth-asp2vop6sb5cxho"
          },
          {
            "id": "/subscriptions/31c3e73a-4e57-40ff-b219-0bce66b121ad/resourceGroups/QnABotHealthCovid/providers/Microsoft.Search/searchServices/qnasmartbothealth-asp2vop6sb5cxho",
            "resourceType": "Microsoft.Search/searchServices",
            "resourceName": "qnasmartbothealth-asp2vop6sb5cxho",
            "actionName": "listAdminKeys",
            "apiVersion": "2015-08-19"
          }
        ],
        "id": "/subscriptions/31c3e73a-4e57-40ff-b219-0bce66b121ad/resourceGroups/QnABotHealthCovid/providers/Microsoft.Web/sites/QnASmartBotHealth/config/appsettings",
        "resourceType": "Microsoft.Web/sites/config",
        "resourceName": "QnASmartBotHealth/appsettings"
      }
    ],
    "outputs": {
      "qnaRuntimeEndpoint": {
        "type": "String",
        "value": "https://qnasmartbothealth.azurewebsites.net"
      }
    },
    "outputResources": [
      {
        "id": "/subscriptions/31c3e73a-4e57-40ff-b219-0bce66b121ad/resourceGroups/QnABotHealthCovid/providers/Microsoft.CognitiveServices/accounts/QnABotHealthCovid"
      },
      {
        "id": "/subscriptions/31c3e73a-4e57-40ff-b219-0bce66b121ad/resourceGroups/QnABotHealthCovid/providers/Microsoft.Search/searchServices/qnasmartbothealth-asp2vop6sb5cxho"
      },
      {
        "id": "/subscriptions/31c3e73a-4e57-40ff-b219-0bce66b121ad/resourceGroups/QnABotHealthCovid/providers/Microsoft.Web/serverfarms/QnABotHealthCovid"
      },
      {
        "id": "/subscriptions/31c3e73a-4e57-40ff-b219-0bce66b121ad/resourceGroups/QnABotHealthCovid/providers/Microsoft.Web/sites/QnASmartBotHealth"
      },
      {
        "id": "/subscriptions/31c3e73a-4e57-40ff-b219-0bce66b121ad/resourceGroups/QnABotHealthCovid/providers/Microsoft.Web/sites/QnASmartBotHealth/config/appsettings"
      }
    ],
    "validationLevel": "Template"
  }
}