{
  "id": "/subscriptions/31c3e73a-4e57-40ff-b219-0bce66b121ad/resourceGroups/QnABotHealthCovid/providers/Microsoft.Resources/deployments/qnasmartbothealth-bot_csharp_qnav4_sdk_d4c",
  "name": "qnasmartbothealth-bot_csharp_qnav4_sdk_d4c",
  "type": "Microsoft.Resources/deployments",
  "tags": {
    "primaryResourceId": "/subscriptions/31c3e73a-4e57-40ff-b219-0bce66b121ad/resourcegroups/QnABotHealthCovid/providers/Microsoft.BotService/botServices/qnasmartbothealth-bot",
    "marketplaceItemId": "Microsoft.BotServiceSdkGalleryPackage"
  },
  "properties": {
    "templateHash": "16548023004717542418",
    "parameters": {
      "botEnv": {
        "type": "String",
        "value": "prod"
      },
      "botId": {
        "type": "String",
        "value": "qnasmartbothealth-bot"
      },
      "location": {
        "type": "String",
        "value": "East US"
      },
      "sku": {
        "type": "String",
        "value": "F0"
      },
      "kind": {
        "type": "String",
        "value": "sdk"
      },
      "siteName": {
        "type": "String",
        "value": "qnasmartbothealth-bot-bf9e"
      },
      "createNewStorage": {
        "type": "Bool",
        "value": true
      },
      "storageAccountName": {
        "type": "String",
        "value": "qnasmartbothealthbotbf9e"
      },
      "storageAccountLocation": {
        "type": "String",
        "value": ""
      },
      "storageAccountResourceId": {
        "type": "String",
        "value": ""
      },
      "appId": {
        "type": "String",
        "value": "65471acd-b41a-4b0d-bd7f-cf80cd0b0147"
      },
      "appSecret": {
        "type": "String",
        "value": "B6}fD3sVTqF&UAu;Hj@A6f;%%jS_$1:u"
      },
      "azureWebJobsBotFrameworkDirectLineSecret": {
        "type": "String",
        "value": ""
      },
      "zipUrl": {
        "type": "String",
        "value": "https://bot-framework.azureedge.net/static/286142-4004787a13/bot-packages/v1.3.27-279121/csharp-abs-webapp-v4_qnabot_precompiled.zip"
      },
      "proactiveZipUrl": {
        "type": "String",
        "value": ""
      },
      "useAppInsights": {
        "type": "Bool",
        "value": false
      },
      "appInsightsLocation": {
        "type": "String",
        "value": "East US"
      },
      "serverFarmId": {
        "type": "String",
        "value": "/subscriptions/31c3e73a-4e57-40ff-b219-0bce66b121ad/resourceGroups/QnABotHealthCovid/providers/Microsoft.Web/serverfarms/QnABotHealthCovid"
      },
      "createServerFarm": {
        "type": "Bool",
        "value": false
      },
      "serverFarmLocation": {
        "type": "String",
        "value": "East US"
      },
      "serverFarmSku": {
        "type": "Object",
        "value": {
          "name": "S1",
          "tier": "Standard",
          "size": "S1",
          "family": "S",
          "capacity": 1
        }
      },
      "endpoint": {
        "type": "String",
        "value": ""
      },
      "luisApiLocation": {
        "type": "String",
        "value": "Global"
      },
      "botQueueName": {
        "type": "String",
        "value": "bot-queue"
      }
    },
    "mode": "Incremental",
    "debugSetting": {
      "detailLevel": "None"
    },
    "provisioningState": "Succeeded",
    "timestamp": "2022-01-16T17:02:41.0824979Z",
    "duration": "PT51.5454551S",
    "correlationId": "63f46d82-e2c3-4ca1-ba80-39badcefbb15",
    "providers": [
      {
        "namespace": "Microsoft.Web",
        "resourceTypes": [
          {
            "resourceType": "sites",
            "locations": [
              "eastus"
            ]
          },
          {
            "resourceType": "sites/Extensions",
            "locations": [
              null
            ]
          }
        ]
      },
      {
        "namespace": "Microsoft.BotService",
        "resourceTypes": [
          {
            "resourceType": "botServices",
            "locations": [
              "global"
            ]
          }
        ]
      }
    ],
    "dependencies": [
      {
        "dependsOn": [
          {
            "id": "/subscriptions/31c3e73a-4e57-40ff-b219-0bce66b121ad/resourceGroups/QnABotHealthCovid/providers/Microsoft.Web/sites/qnasmartbothealth-bot-bf9e",
            "resourceType": "Microsoft.Web/sites",
            "resourceName": "qnasmartbothealth-bot-bf9e"
          }
        ],
        "id": "/subscriptions/31c3e73a-4e57-40ff-b219-0bce66b121ad/resourceGroups/QnABotHealthCovid/providers/Microsoft.Web/sites/qnasmartbothealth-bot-bf9e/Extensions/MSDeploy",
        "resourceType": "Microsoft.Web/sites/Extensions",
        "resourceName": "qnasmartbothealth-bot-bf9e/MSDeploy"
      },
      {
        "dependsOn": [
          {
            "id": "/subscriptions/31c3e73a-4e57-40ff-b219-0bce66b121ad/resourceGroups/QnABotHealthCovid/providers/Microsoft.Web/sites/qnasmartbothealth-bot-bf9e",
            "resourceType": "Microsoft.Web/sites",
            "resourceName": "qnasmartbothealth-bot-bf9e"
          },
          {
            "id": "/subscriptions/31c3e73a-4e57-40ff-b219-0bce66b121ad/resourceGroups/QnABotHealthCovid/providers/Microsoft.Web/sites/qnasmartbothealth-bot-bf9e/Extensions/MSDeploy",
            "resourceType": "Microsoft.Web/sites/Extensions",
            "resourceName": "qnasmartbothealth-bot-bf9e/MSDeploy"
          }
        ],
        "id": "/subscriptions/31c3e73a-4e57-40ff-b219-0bce66b121ad/resourceGroups/QnABotHealthCovid/providers/Microsoft.BotService/botServices/qnasmartbothealth-bot",
        "resourceType": "Microsoft.BotService/botServices",
        "resourceName": "qnasmartbothealth-bot"
      }
    ],
    "outputResources": [
      {
        "id": "/subscriptions/31c3e73a-4e57-40ff-b219-0bce66b121ad/resourceGroups/QnABotHealthCovid/providers/Microsoft.BotService/botServices/qnasmartbothealth-bot"
      },
      {
        "id": "/subscriptions/31c3e73a-4e57-40ff-b219-0bce66b121ad/resourceGroups/QnABotHealthCovid/providers/Microsoft.Web/sites/qnasmartbothealth-bot-bf9e"
      },
      {
        "id": "/subscriptions/31c3e73a-4e57-40ff-b219-0bce66b121ad/resourceGroups/QnABotHealthCovid/providers/Microsoft.Web/sites/qnasmartbothealth-bot-bf9e/Extensions/MSDeploy"
      }
    ],
    "validationLevel": "Template"
  }
}