[
  {
    "id": "/subscriptions/31c3e73a-4e57-40ff-b219-0bce66b121ad/resourceGroups/QnABotHealthCovid/providers/Microsoft.Resources/deployments/qnasmartbothealth-bot_csharp_qnav4_sdk_d4c/operations/A28C80DF02772D3E",
    "operationId": "A28C80DF02772D3E",
    "properties": {
      "provisioningOperation": "Create",
      "provisioningState": "Succeeded",
      "timestamp": "2022-01-16T17:02:40.985924Z",
      "duration": "PT48.8547694S",
      "trackingId": "25905c96-7f05-4025-a65a-af60eb720442",
      "serviceRequestId": "758c0d4d-d7c5-4de9-86bb-1b6204827a1b",
      "statusCode": "Created",
      "targetResource": {
        "id": "/subscriptions/31c3e73a-4e57-40ff-b219-0bce66b121ad/resourceGroups/QnABotHealthCovid/providers/Microsoft.BotService/botServices/qnasmartbothealth-bot",
        "resourceType": "Microsoft.BotService/botServices",
        "resourceName": "qnasmartbothealth-bot"
      }
    }
  },
  {
    "id": "/subscriptions/31c3e73a-4e57-40ff-b219-0bce66b121ad/resourceGroups/QnABotHealthCovid/providers/Microsoft.Resources/deployments/qnasmartbothealth-bot_csharp_qnav4_sdk_d4c/operations/62ACC53A518475F9",
    "operationId": "62ACC53A518475F9",
    "properties": {
      "provisioningOperation": "Create",
      "provisioningState": "Succeeded",
      "timestamp": "2022-01-16T17:02:34.7981637Z",
      "duration": "PT42.6670091S",
      "trackingId": "9bd2953d-fac1-451b-a64d-d4e4b43a2ca4",
      "serviceRequestId": "ce8cedbb-d121-4143-8a19-6df4dc6f05d1",
      "statusCode": "OK",
      "targetResource": {
        "id": "/subscriptions/31c3e73a-4e57-40ff-b219-0bce66b121ad/resourceGroups/QnABotHealthCovid/providers/Microsoft.Web/sites/qnasmartbothealth-bot-bf9e/Extensions/MSDeploy",
        "resourceType": "Microsoft.Web/sites/Extensions",
        "resourceName": "qnasmartbothealth-bot-bf9e/MSDeploy"
      }
    }
  },
  {
    "id": "/subscriptions/31c3e73a-4e57-40ff-b219-0bce66b121ad/resourceGroups/QnABotHealthCovid/providers/Microsoft.Resources/deployments/qnasmartbothealth-bot_csharp_qnav4_sdk_d4c/operations/2FCC07C6414D7BA6",
    "operationId": "2FCC07C6414D7BA6",
    "properties": {
      "provisioningOperation": "Create",
      "provisioningState": "Succeeded",
      "timestamp": "2022-01-16T17:02:17.6828154Z",
      "duration": "PT25.5516608S",
      "trackingId": "b9dcaf60-5135-4d38-85bd-1a7ea90f21aa",
      "serviceRequestId": "9daf2781-789a-4f08-bad1-7ea7d2bb5519",
      "statusCode": "OK",
      "targetResource": {
        "id": "/subscriptions/31c3e73a-4e57-40ff-b219-0bce66b121ad/resourceGroups/QnABotHealthCovid/providers/Microsoft.Web/sites/qnasmartbothealth-bot-bf9e",
        "resourceType": "Microsoft.Web/sites",
        "resourceName": "qnasmartbothealth-bot-bf9e"
      }
    }
  },
  {
    "id": "/subscriptions/31c3e73a-4e57-40ff-b219-0bce66b121ad/resourceGroups/QnABotHealthCovid/providers/Microsoft.Resources/deployments/qnasmartbothealth-bot_csharp_qnav4_sdk_d4c/operations/08585592543786769444",
    "operationId": "08585592543786769444",
    "properties": {
      "provisioningOperation": "EvaluateDeploymentOutput",
      "provisioningState": "Succeeded",
      "timestamp": "2022-01-16T17:02:41.0616543Z",
      "duration": "PT0.049374S",
      "trackingId": "49dccf5b-3788-47bf-9b7d-a7888e3b4c32",
      "statusCode": "OK"
    }
  }
]